AÃ±o,Mes,IdEmpleado,CodigoEmpleado,Sucursal,Venta,Comision
2015,3,23003876,3876,Rosario1,26571.060,1328.55
2015,4,23003876,3876,Rosario1,9248.280,462.41
2015,1,23003876,3876,Rosario1,1944.420,97.22
2016,4,23003876,3876,Rosario1,2230.000,111.50
2016,5,23003876,3876,Rosario1,5462.000,273.10
2016,12,23003876,3876,Rosario1,4280.000,214.00
2018,2,23003876,3876,Rosario1,17783.820,889.19
2018,8,23003876,3876,Rosario1,3343.320,167.17
2019,2,23003876,3876,Rosario1,16314.000,815.70
2015,5,23003876,3876,Rosario1,21600.580,1080.03
2015,7,23003876,3876,Rosario1,25540.260,1277.01
2015,9,23003876,3876,Rosario1,18048.840,902.44
2016,11,23003876,3876,Rosario1,26067.500,1303.38
2017,5,23003876,3876,Rosario1,3600.360,180.02
2017,9,23003876,3876,Rosario1,13560.400,678.02
2018,1,23003876,3876,Rosario1,14706.000,735.30
2016,1,23003876,3876,Rosario1,11941.040,597.05
2016,9,23003876,3876,Rosario1,9418.920,470.95
2017,4,23003876,3876,Rosario1,10075.300,503.77
2019,3,23003876,3876,Rosario1,16882.580,844.13
2019,7,23003876,3876,Rosario1,9570.580,478.53
2019,9,23003876,3876,Rosario1,7948.960,397.45
2019,12,23003876,3876,Rosario1,20622.460,1031.12
2017,6,23003876,3876,Rosario1,6326.000,316.30
2015,2,23003876,3876,Rosario1,14952.420,747.62
2015,12,23003876,3876,Rosario1,5192.000,259.60
2017,11,23003876,3876,Rosario1,3376.000,168.80
2018,6,23003876,3876,Rosario1,7719.480,385.97
2020,2,23003876,3876,Rosario1,17277.980,863.90
2020,4,23003876,3876,Rosario1,14744.700,737.24
2017,7,23003876,3876,Rosario1,3136.000,156.80
2019,1,23003876,3876,Rosario1,12920.360,646.02
2019,6,23003876,3876,Rosario1,32805.400,1640.27
2019,10,23003876,3876,Rosario1,3203.680,160.18
2016,2,23003876,3876,Rosario1,13630.480,681.52
2018,9,23003876,3876,Rosario1,15108.880,755.44
2019,4,23003876,3876,Rosario1,5447.800,272.39
2015,6,23003876,3876,Rosario1,4171.860,208.59
2015,10,23003876,3876,Rosario1,3114.860,155.74
2015,11,23003876,3876,Rosario1,12437.720,621.89
2016,8,23003876,3876,Rosario1,4692.960,234.65
2016,10,23003876,3876,Rosario1,5502.840,275.14
2017,2,23003876,3876,Rosario1,18177.400,908.87
2017,12,23003876,3876,Rosario1,4857.840,242.89
2018,5,23003876,3876,Rosario1,9069.120,453.46
2018,7,23003876,3876,Rosario1,2032.640,101.63
2019,5,23003876,3876,Rosario1,6225.480,311.27
2015,8,23003876,3876,Rosario1,4062.000,203.10
2016,7,23003876,3876,Rosario1,2105.000,105.25
2017,10,23003876,3876,Rosario1,9042.740,452.14
2018,10,23003876,3876,Rosario1,5402.000,270.10
2018,11,23003876,3876,Rosario1,11771.740,588.59
2019,11,23003876,3876,Rosario1,6217.000,310.85
2020,5,23003876,3876,Rosario1,9144.000,457.20
2016,6,23003876,3876,Rosario1,1030.000,51.50
2017,3,23003876,3876,Rosario1,2978.000,148.90
2017,8,23003876,3876,Rosario1,15250.000,762.50
2018,3,23003876,3876,Rosario1,1030.000,51.50
2018,4,23003876,3876,Rosario1,20745.000,1037.25
2019,8,23003876,3876,Rosario1,9723.000,486.15
2016,3,23003876,3876,Rosario1,1518.000,75.90
2018,12,23003876,3876,Rosario1,1122.000,56.10
2020,3,23003876,3876,Rosario1,10420.180,521.01
2020,1,23003876,3876,Rosario1,15157.400,757.87
2015,4,23003504,3504,Rosario1,6763.640,338.18
2015,5,23003504,3504,Rosario1,11818.840,590.94
2016,12,23003504,3504,Rosario1,9061.820,453.10
2017,4,23003504,3504,Rosario1,18447.440,922.37
2017,11,23003504,3504,Rosario1,4322.280,216.11
2015,1,23003504,3504,Rosario1,4521.440,226.07
2015,12,23003504,3504,Rosario1,30096.920,1504.85
2017,2,23003504,3504,Rosario1,27907.180,1395.36
2017,6,23003504,3504,Rosario1,4526.000,226.30
2018,8,23003504,3504,Rosario1,11999.760,599.99
2019,4,23003504,3504,Rosario1,11620.900,581.05
2015,7,23003504,3504,Rosario1,20086.840,1004.34
2015,9,23003504,3504,Rosario1,21263.760,1063.19
2016,8,23003504,3504,Rosario1,7566.880,378.34
2019,1,23003504,3504,Rosario1,10431.000,521.55
2016,9,23003504,3504,Rosario1,8422.920,421.15
2018,7,23003504,3504,Rosario1,3291.340,164.57
2019,2,23003504,3504,Rosario1,1952.280,97.61
2019,3,23003504,3504,Rosario1,16249.900,812.49
2019,9,23003504,3504,Rosario1,15500.960,775.05
2019,12,23003504,3504,Rosario1,27294.200,1364.71
2015,2,23003504,3504,Rosario1,5819.400,290.97
2019,11,23003504,3504,Rosario1,8716.680,435.83
2017,10,23003504,3504,Rosario1,15780.400,789.02
2018,3,23003504,3504,Rosario1,14306.220,715.31
2018,6,23003504,3504,Rosario1,9757.480,487.87
2020,2,23003504,3504,Rosario1,10590.080,529.50
2020,4,23003504,3504,Rosario1,5639.350,281.97
2017,9,23003504,3504,Rosario1,17185.000,859.25
2018,1,23003504,3504,Rosario1,15667.000,783.35
2018,2,23003504,3504,Rosario1,13827.300,691.36
2019,10,23003504,3504,Rosario1,6503.460,325.17
2016,11,23003504,3504,Rosario1,16399.000,819.95
2018,9,23003504,3504,Rosario1,7778.820,388.94
2019,5,23003504,3504,Rosario1,5225.000,261.25
2015,6,23003504,3504,Rosario1,5827.800,291.39
2015,10,23003504,3504,Rosario1,3311.860,165.59
2016,1,23003504,3504,Rosario1,32298.880,1614.95
2016,2,23003504,3504,Rosario1,1308.460,65.42
2016,3,23003504,3504,Rosario1,11201.080,560.05
2016,5,23003504,3504,Rosario1,2753.780,137.69
2017,12,23003504,3504,Rosario1,9767.840,488.39
2018,5,23003504,3504,Rosario1,4380.720,219.03
2019,8,23003504,3504,Rosario1,26108.960,1305.45
2020,5,23003504,3504,Rosario1,21910.080,1095.50
2015,3,23003504,3504,Rosario1,12138.000,606.90
2015,11,23003504,3504,Rosario1,6498.140,324.91
2016,7,23003504,3504,Rosario1,2710.000,135.50
2017,3,23003504,3504,Rosario1,4182.000,209.10
2017,5,23003504,3504,Rosario1,12716.960,635.85
2017,8,23003504,3504,Rosario1,1120.000,56.00
2018,11,23003504,3504,Rosario1,1884.380,94.22
2019,6,23003504,3504,Rosario1,5406.000,270.30
2019,7,23003504,3504,Rosario1,1305.480,65.27
2020,1,23003504,3504,Rosario1,6377.400,318.87
2020,3,23003504,3504,Rosario1,2480.000,124.00
2016,4,23003504,3504,Rosario1,5367.000,268.35
2016,6,23003504,3504,Rosario1,1658.000,82.90
2017,1,23003504,3504,Rosario1,1824.000,91.20
2017,7,23003504,3504,Rosario1,7624.000,381.20
2018,4,23003504,3504,Rosario1,11382.000,569.10
2016,10,23003504,3504,Rosario1,876.000,43.80
2018,10,23003504,3504,Rosario1,4351.000,217.55
2018,12,23003504,3504,Rosario1,748.000,37.40
2015,3,23003166,3166,Rosario1,24403.220,1220.16
2015,5,23003166,3166,Rosario1,18768.260,938.41
2017,11,23003166,3166,Rosario1,6377.320,318.87
2015,1,23003166,3166,Rosario1,6606.200,330.31
2015,4,23003166,3166,Rosario1,6247.000,312.35
2016,5,23003166,3166,Rosario1,19198.560,959.93
2016,12,23003166,3166,Rosario1,15089.760,754.49
2017,2,23003166,3166,Rosario1,9303.640,465.18
2018,2,23003166,3166,Rosario1,11679.460,583.97
2019,7,23003166,3166,Rosario1,7409.680,370.48
2017,6,23003166,3166,Rosario1,8172.000,408.60
2017,8,23003166,3166,Rosario1,20798.000,1039.90
2018,8,23003166,3166,Rosario1,13704.020,685.20
2019,2,23003166,3166,Rosario1,14940.260,747.01
2015,7,23003166,3166,Rosario1,17536.420,876.82
2015,9,23003166,3166,Rosario1,29308.840,1465.44
2016,8,23003166,3166,Rosario1,9010.880,450.54
2017,12,23003166,3166,Rosario1,13904.840,695.24
2018,1,23003166,3166,Rosario1,11275.000,563.75
2019,12,23003166,3166,Rosario1,21416.880,1070.84
2020,1,23003166,3166,Rosario1,12503.000,625.15
2020,3,23003166,3166,Rosario1,9243.000,462.15
2017,4,23003166,3166,Rosario1,4635.800,231.79
2017,5,23003166,3166,Rosario1,11373.360,568.66
2018,5,23003166,3166,Rosario1,9532.860,476.64
2019,9,23003166,3166,Rosario1,12313.180,615.66
2015,2,23003166,3166,Rosario1,10549.300,527.46
2016,3,23003166,3166,Rosario1,7833.360,391.67
2019,3,23003166,3166,Rosario1,22291.360,1114.57
2019,11,23003166,3166,Rosario1,2757.680,137.88
2017,10,23003166,3166,Rosario1,16863.780,843.18
2017,9,23003166,3166,Rosario1,8129.380,406.47
2018,7,23003166,3166,Rosario1,2526.460,126.32
2019,10,23003166,3166,Rosario1,17988.940,899.45
2016,2,23003166,3166,Rosario1,8381.680,419.08
2016,11,23003166,3166,Rosario1,15066.500,753.33
2018,9,23003166,3166,Rosario1,13024.600,651.23
2019,4,23003166,3166,Rosario1,2969.000,148.45
2015,6,23003166,3166,Rosario1,3302.860,165.15
2015,10,23003166,3166,Rosario1,3296.720,164.84
2015,11,23003166,3166,Rosario1,15669.620,783.48
2016,1,23003166,3166,Rosario1,20652.080,1032.60
2018,3,23003166,3166,Rosario1,19182.600,959.13
2018,6,23003166,3166,Rosario1,3927.480,196.37
2019,1,23003166,3166,Rosario1,9573.360,478.67
2019,5,23003166,3166,Rosario1,3808.480,190.42
2019,6,23003166,3166,Rosario1,6974.560,348.73
2015,12,23003166,3166,Rosario1,542.000,27.10
2016,7,23003166,3166,Rosario1,1680.000,84.00
2016,9,23003166,3166,Rosario1,498.000,24.90
2017,3,23003166,3166,Rosario1,5917.000,295.85
2018,10,23003166,3166,Rosario1,3082.000,154.10
2018,11,23003166,3166,Rosario1,6991.940,349.60
2019,8,23003166,3166,Rosario1,23078.840,1153.94
2020,2,23003166,3166,Rosario1,3472.000,173.60
2020,4,23003166,3166,Rosario1,10441.000,522.05
2020,5,23003166,3166,Rosario1,3180.000,159.00
2015,8,23003166,3166,Rosario1,3855.000,192.75
2016,4,23003166,3166,Rosario1,3578.000,178.90
2016,10,23003166,3166,Rosario1,2953.000,147.65
2017,1,23003166,3166,Rosario1,3626.000,181.30
2017,7,23003166,3166,Rosario1,2078.000,103.90
2018,4,23003166,3166,Rosario1,9306.000,465.30
2018,12,23003166,3166,Rosario1,1906.000,95.30
2015,3,23003412,3412,Rosario1,9612.620,480.63
2015,4,23003412,3412,Rosario1,12190.920,609.55
2015,5,23003412,3412,Rosario1,23191.420,1159.57
2017,4,23003412,3412,Rosario1,15887.800,794.39
2015,1,23003412,3412,Rosario1,2804.840,140.24
2016,5,23003412,3412,Rosario1,2386.000,119.30
2016,12,23003412,3412,Rosario1,9806.380,490.32
2017,2,23003412,3412,Rosario1,14284.000,714.20
2019,2,23003412,3412,Rosario1,5069.000,253.45
2019,7,23003412,3412,Rosario1,3489.180,174.46
2020,1,23003412,3412,Rosario1,7748.080,387.40
2017,8,23003412,3412,Rosario1,28576.000,1428.80
2019,4,23003412,3412,Rosario1,5549.500,277.48
2015,7,23003412,3412,Rosario1,19224.260,961.21
2016,11,23003412,3412,Rosario1,14150.000,707.50
2017,12,23003412,3412,Rosario1,12079.260,603.96
2018,1,23003412,3412,Rosario1,15853.380,792.67
2016,1,23003412,3412,Rosario1,39447.760,1972.39
2015,9,23003412,3412,Rosario1,7867.840,393.39
2016,9,23003412,3412,Rosario1,9542.920,477.15
2019,3,23003412,3412,Rosario1,17962.660,898.13
2020,3,23003412,3412,Rosario1,6485.020,324.25
2016,3,23003412,3412,Rosario1,2810.280,140.51
2016,8,23003412,3412,Rosario1,6201.000,310.05
2018,9,23003412,3412,Rosario1,6491.460,324.57
2019,8,23003412,3412,Rosario1,14613.900,730.69
2019,11,23003412,3412,Rosario1,4360.520,218.03
2015,12,23003412,3412,Rosario1,26268.920,1313.45
2017,10,23003412,3412,Rosario1,10091.600,504.58
2017,11,23003412,3412,Rosario1,515.000,25.75
2019,12,23003412,3412,Rosario1,654.000,32.70
2020,4,23003412,3412,Rosario1,11419.120,570.96
2018,2,23003412,3412,Rosario1,7882.300,394.11
2019,10,23003412,3412,Rosario1,7312.500,365.63
2016,2,23003412,3412,Rosario1,4984.460,249.22
2017,6,23003412,3412,Rosario1,5729.000,286.45
2015,2,23003412,3412,Rosario1,5860.760,293.04
2015,6,23003412,3412,Rosario1,4911.720,245.59
2016,10,23003412,3412,Rosario1,6849.260,342.46
2018,3,23003412,3412,Rosario1,11483.560,574.18
2018,5,23003412,3412,Rosario1,6006.240,300.31
2018,6,23003412,3412,Rosario1,3916.740,195.84
2018,8,23003412,3412,Rosario1,8260.120,413.01
2019,1,23003412,3412,Rosario1,7127.360,356.37
2019,6,23003412,3412,Rosario1,12454.680,622.73
2019,9,23003412,3412,Rosario1,16416.780,820.84
2020,5,23003412,3412,Rosario1,28588.080,1429.40
2015,10,23003412,3412,Rosario1,2853.000,142.65
2015,11,23003412,3412,Rosario1,8938.380,446.92
2017,1,23003412,3412,Rosario1,4302.000,215.10
2017,5,23003412,3412,Rosario1,1290.960,64.55
2017,9,23003412,3412,Rosario1,20877.760,1043.89
2018,7,23003412,3412,Rosario1,1352.000,67.60
2019,5,23003412,3412,Rosario1,7894.000,394.70
2016,6,23003412,3412,Rosario1,1030.000,51.50
2017,3,23003412,3412,Rosario1,6877.000,343.85
2017,7,23003412,3412,Rosario1,9733.000,486.65
2018,4,23003412,3412,Rosario1,11421.000,571.05
2018,10,23003412,3412,Rosario1,24243.000,1212.15
2018,11,23003412,3412,Rosario1,7929.000,396.45
2020,2,23003412,3412,Rosario1,8152.000,407.60
2018,12,23003412,3412,Rosario1,2859.000,142.95
2015,3,23003346,3346,Rosario1,39177.400,1958.87
2015,5,23003346,3346,Rosario1,21092.420,1054.62
2016,8,23003346,3346,Rosario1,9761.200,488.06
2017,11,23003346,3346,Rosario1,5287.680,264.38
2016,5,23003346,3346,Rosario1,15456.000,772.80
2016,12,23003346,3346,Rosario1,12537.960,626.90
2017,2,23003346,3346,Rosario1,19572.640,978.63
2015,12,23003346,3346,Rosario1,1938.000,96.90
2017,6,23003346,3346,Rosario1,7432.000,371.60
2018,3,23003346,3346,Rosario1,8110.740,405.54
2018,10,23003346,3346,Rosario1,5358.000,267.90
2015,4,23003346,3346,Rosario1,1289.000,64.45
2017,8,23003346,3346,Rosario1,10593.000,529.65
2019,1,23003346,3346,Rosario1,11350.000,567.50
2019,12,23003346,3346,Rosario1,10270.780,513.54
2016,1,23003346,3346,Rosario1,21080.080,1054.00
2017,5,23003346,3346,Rosario1,13482.560,674.13
2018,5,23003346,3346,Rosario1,21709.940,1085.50
2019,3,23003346,3346,Rosario1,17884.420,894.22
2019,8,23003346,3346,Rosario1,35661.760,1783.09
2015,1,23003346,3346,Rosario1,3708.600,185.43
2016,3,23003346,3346,Rosario1,5672.760,283.64
2018,9,23003346,3346,Rosario1,5600.360,280.02
2019,11,23003346,3346,Rosario1,3754.680,187.73
2016,11,23003346,3346,Rosario1,5115.500,255.78
2017,12,23003346,3346,Rosario1,4497.840,224.89
2018,6,23003346,3346,Rosario1,8290.200,414.51
2018,8,23003346,3346,Rosario1,14483.140,724.16
2020,1,23003346,3346,Rosario1,7288.960,364.45
2020,4,23003346,3346,Rosario1,18765.890,938.29
2017,7,23003346,3346,Rosario1,6015.000,300.75
2019,9,23003346,3346,Rosario1,3415.000,170.75
2019,10,23003346,3346,Rosario1,21989.620,1099.48
2015,6,23003346,3346,Rosario1,6706.480,335.33
2015,11,23003346,3346,Rosario1,12305.100,615.26
2016,10,23003346,3346,Rosario1,5883.260,294.16
2017,9,23003346,3346,Rosario1,4270.200,213.51
2017,10,23003346,3346,Rosario1,17390.680,869.54
2018,2,23003346,3346,Rosario1,3007.480,150.37
2019,5,23003346,3346,Rosario1,4501.220,225.06
2019,6,23003346,3346,Rosario1,9768.240,488.41
2020,5,23003346,3346,Rosario1,36593.120,1829.66
2015,7,23003346,3346,Rosario1,6446.000,322.30
2015,8,23003346,3346,Rosario1,14581.000,729.05
2015,9,23003346,3346,Rosario1,3260.000,163.00
2015,10,23003346,3346,Rosario1,610.000,30.50
2016,7,23003346,3346,Rosario1,560.000,28.00
2016,9,23003346,3346,Rosario1,996.000,49.80
2018,1,23003346,3346,Rosario1,1120.000,56.00
2018,7,23003346,3346,Rosario1,1678.000,83.90
2018,11,23003346,3346,Rosario1,7146.800,357.34
2019,7,23003346,3346,Rosario1,2430.400,121.52
2016,4,23003346,3346,Rosario1,3578.000,178.90
2017,1,23003346,3346,Rosario1,912.000,45.60
2017,3,23003346,3346,Rosario1,4467.000,223.35
2017,4,23003346,3346,Rosario1,8033.000,401.65
2018,4,23003346,3346,Rosario1,13403.000,670.15
2020,2,23003346,3346,Rosario1,2545.860,127.29
2015,2,23003346,3346,Rosario1,3849.000,192.45
2016,6,23003346,3346,Rosario1,226.000,11.30
2018,12,23003346,3346,Rosario1,748.000,37.40
2019,4,23003346,3346,Rosario1,485.000,24.25
2020,3,23003346,3346,Rosario1,4704.000,235.20
2015,3,23003537,3537,Rosario1,11973.900,598.69
2015,4,23003537,3537,Rosario1,3849.500,192.48
2016,8,23003537,3537,Rosario1,3786.560,189.33
2016,12,23003537,3537,Rosario1,21020.640,1051.04
2017,4,23003537,3537,Rosario1,26621.060,1331.06
2015,1,23003537,3537,Rosario1,2892.840,144.64
2016,5,23003537,3537,Rosario1,18968.500,948.43
2017,2,23003537,3537,Rosario1,17766.220,888.31
2018,2,23003537,3537,Rosario1,18220.000,911.00
2019,7,23003537,3537,Rosario1,10982.080,549.10
2015,12,23003537,3537,Rosario1,28667.920,1433.40
2018,3,23003537,3537,Rosario1,19691.880,984.59
2018,8,23003537,3537,Rosario1,17269.340,863.47
2018,10,23003537,3537,Rosario1,7813.000,390.65
2015,7,23003537,3537,Rosario1,5217.000,260.85
2017,5,23003537,3537,Rosario1,3600.360,180.02
2017,11,23003537,3537,Rosario1,2167.800,108.39
2017,12,23003537,3537,Rosario1,13205.260,660.26
2019,1,23003537,3537,Rosario1,20514.320,1025.72
2019,12,23003537,3537,Rosario1,5821.420,291.07
2020,1,23003537,3537,Rosario1,14259.440,712.97
2016,1,23003537,3537,Rosario1,5470.000,273.50
2015,9,23003537,3537,Rosario1,12376.920,618.85
2016,9,23003537,3537,Rosario1,9916.920,495.85
2019,2,23003537,3537,Rosario1,2846.360,142.32
2019,9,23003537,3537,Rosario1,24743.020,1237.15
2015,2,23003537,3537,Rosario1,16212.020,810.61
2016,3,23003537,3537,Rosario1,7296.600,364.83
2017,6,23003537,3537,Rosario1,4033.000,201.65
2018,5,23003537,3537,Rosario1,4440.480,222.02
2019,11,23003537,3537,Rosario1,4347.680,217.38
2016,11,23003537,3537,Rosario1,3229.000,161.45
2017,10,23003537,3537,Rosario1,14824.420,741.21
2018,6,23003537,3537,Rosario1,9415.480,470.77
2017,9,23003537,3537,Rosario1,14461.380,723.07
2018,1,23003537,3537,Rosario1,9312.000,465.60
2019,6,23003537,3537,Rosario1,7365.000,368.25
2019,10,23003537,3537,Rosario1,10073.320,503.66
2016,2,23003537,3537,Rosario1,2852.000,142.60
2018,9,23003537,3537,Rosario1,3622.000,181.10
2019,5,23003537,3537,Rosario1,8089.000,404.45
2015,6,23003537,3537,Rosario1,610.720,30.54
2015,10,23003537,3537,Rosario1,2091.860,104.59
2015,11,23003537,3537,Rosario1,7422.000,371.10
2018,7,23003537,3537,Rosario1,1517.640,75.88
2019,3,23003537,3537,Rosario1,8115.800,405.79
2020,4,23003537,3537,Rosario1,25685.260,1284.26
2020,5,23003537,3537,Rosario1,30853.120,1542.66
2016,7,23003537,3537,Rosario1,560.000,28.00
2017,3,23003537,3537,Rosario1,4580.000,229.00
2019,8,23003537,3537,Rosario1,19978.160,998.91
2020,2,23003537,3537,Rosario1,4783.720,239.19
2020,3,23003537,3537,Rosario1,1024.000,51.20
2015,5,23003537,3537,Rosario1,6807.000,340.35
2015,8,23003537,3537,Rosario1,5716.000,285.80
2016,6,23003537,3537,Rosario1,515.000,25.75
2016,10,23003537,3537,Rosario1,1264.000,63.20
2017,1,23003537,3537,Rosario1,7102.000,355.10
2017,7,23003537,3537,Rosario1,1366.000,68.30
2017,8,23003537,3537,Rosario1,12545.000,627.25
2018,4,23003537,3537,Rosario1,4132.000,206.60
2018,12,23003537,3537,Rosario1,748.000,37.40
2018,11,23003537,3537,Rosario1,1884.000,94.20
2019,4,23003537,3537,Rosario1,437.000,21.85
2015,4,23003603,3603,Rosario1,7630.000,381.50
2016,8,23003603,3603,Rosario1,5398.280,269.91
2016,12,23003603,3603,Rosario1,10794.440,539.73
2016,4,23003603,3603,Rosario1,4019.000,200.95
2016,5,23003603,3603,Rosario1,15774.000,788.70
2017,2,23003603,3603,Rosario1,23261.980,1163.10
2017,6,23003603,3603,Rosario1,4100.000,205.00
2018,3,23003603,3603,Rosario1,3667.920,183.40
2018,8,23003603,3603,Rosario1,9893.920,494.70
2019,2,23003603,3603,Rosario1,10749.000,537.45
2019,4,23003603,3603,Rosario1,19196.700,959.84
2015,9,23003603,3603,Rosario1,12449.920,622.50
2017,11,23003603,3603,Rosario1,1574.000,78.70
2018,1,23003603,3603,Rosario1,1594.000,79.70
2020,1,23003603,3603,Rosario1,9753.640,487.68
2016,1,23003603,3603,Rosario1,1970.000,98.50
2017,4,23003603,3603,Rosario1,11842.580,592.13
2017,5,23003603,3603,Rosario1,3300.000,165.00
2018,5,23003603,3603,Rosario1,21158.180,1057.91
2019,3,23003603,3603,Rosario1,19689.480,984.48
2019,9,23003603,3603,Rosario1,16657.240,832.86
2019,12,23003603,3603,Rosario1,10837.600,541.88
2019,8,23003603,3603,Rosario1,28587.340,1429.37
2019,11,23003603,3603,Rosario1,8952.520,447.63
2015,2,23003603,3603,Rosario1,1146.000,57.30
2015,12,23003603,3603,Rosario1,17565.280,878.26
2017,12,23003603,3603,Rosario1,8897.260,444.86
2017,9,23003603,3603,Rosario1,4703.000,235.15
2019,1,23003603,3603,Rosario1,11791.440,589.57
2019,6,23003603,3603,Rosario1,11557.000,577.85
2019,10,23003603,3603,Rosario1,5440.000,272.00
2018,9,23003603,3603,Rosario1,11312.800,565.64
2019,5,23003603,3603,Rosario1,16039.220,801.96
2015,3,23003603,3603,Rosario1,9500.260,475.01
2015,5,23003603,3603,Rosario1,19554.720,977.74
2015,6,23003603,3603,Rosario1,1508.100,75.41
2016,2,23003603,3603,Rosario1,3149.340,157.47
2016,3,23003603,3603,Rosario1,13284.740,664.24
2016,10,23003603,3603,Rosario1,3588.420,179.42
2017,10,23003603,3603,Rosario1,9724.640,486.24
2018,6,23003603,3603,Rosario1,3414.460,170.73
2018,7,23003603,3603,Rosario1,2079.640,103.98
2018,12,23003603,3603,Rosario1,12097.800,604.89
2019,7,23003603,3603,Rosario1,5472.560,273.63
2020,4,23003603,3603,Rosario1,10917.260,545.86
2020,5,23003603,3603,Rosario1,17110.040,855.50
2015,1,23003603,3603,Rosario1,7058.120,352.91
2015,10,23003603,3603,Rosario1,3540.000,177.00
2016,7,23003603,3603,Rosario1,1120.000,56.00
2016,9,23003603,3603,Rosario1,498.000,24.90
2016,11,23003603,3603,Rosario1,3848.000,192.40
2017,3,23003603,3603,Rosario1,4753.000,237.65
2018,10,23003603,3603,Rosario1,15768.000,788.40
2018,11,23003603,3603,Rosario1,7410.380,370.52
2015,8,23003603,3603,Rosario1,6447.000,322.35
2015,11,23003603,3603,Rosario1,3789.000,189.45
2017,1,23003603,3603,Rosario1,5439.000,271.95
2017,7,23003603,3603,Rosario1,9663.000,483.15
2017,8,23003603,3603,Rosario1,1500.000,75.00
2018,4,23003603,3603,Rosario1,7497.000,374.85
2020,2,23003603,3603,Rosario1,5442.720,272.14
2015,7,23003603,3603,Rosario1,1014.000,50.70
2016,6,23003603,3603,Rosario1,226.000,11.30
2018,2,23003603,3603,Rosario1,4251.000,212.55
2020,3,23003603,3603,Rosario1,4731.180,236.56
2015,4,23003054,3054,Rosario1,31485.400,1574.27
2016,12,23003054,3054,Rosario1,2413.980,120.70
2015,3,23003054,3054,Rosario1,8838.180,441.91
2018,8,23003054,3054,Rosario1,9727.660,486.39
2015,5,23003054,3054,Rosario1,29174.860,1458.74
2015,7,23003054,3054,Rosario1,10689.320,534.47
2016,8,23003054,3054,Rosario1,3172.960,158.65
2017,9,23003054,3054,Rosario1,19981.140,999.06
2017,12,23003054,3054,Rosario1,10746.000,537.30
2020,1,23003054,3054,Rosario1,12496.760,624.84
2020,3,23003054,3054,Rosario1,6785.000,339.25
2016,1,23003054,3054,Rosario1,24140.720,1207.03
2016,9,23003054,3054,Rosario1,6735.280,336.76
2018,7,23003054,3054,Rosario1,12426.880,621.34
2019,3,23003054,3054,Rosario1,16246.160,812.31
2019,7,23003054,3054,Rosario1,7234.560,361.73
2019,9,23003054,3054,Rosario1,18834.240,941.71
2015,2,23003054,3054,Rosario1,9820.780,491.04
2016,3,23003054,3054,Rosario1,7208.440,360.42
2017,6,23003054,3054,Rosario1,2952.000,147.60
2018,5,23003054,3054,Rosario1,3360.000,168.00
2018,9,23003054,3054,Rosario1,3251.180,162.56
2019,8,23003054,3054,Rosario1,4918.760,245.94
2015,12,23003054,3054,Rosario1,237.000,11.85
2017,10,23003054,3054,Rosario1,17457.180,872.86
2017,11,23003054,3054,Rosario1,2346.000,117.30
2018,3,23003054,3054,Rosario1,11906.160,595.31
2019,6,23003054,3054,Rosario1,20497.020,1024.85
2017,7,23003054,3054,Rosario1,8547.000,427.35
2018,1,23003054,3054,Rosario1,7969.920,398.50
2018,2,23003054,3054,Rosario1,19133.480,956.67
2019,1,23003054,3054,Rosario1,7065.000,353.25
2019,2,23003054,3054,Rosario1,9155.000,457.75
2016,2,23003054,3054,Rosario1,2716.000,135.80
2016,11,23003054,3054,Rosario1,11164.000,558.20
2019,4,23003054,3054,Rosario1,2484.000,124.20
2019,5,23003054,3054,Rosario1,6340.000,317.00
2015,6,23003054,3054,Rosario1,3579.840,178.99
2015,11,23003054,3054,Rosario1,24797.340,1239.87
2016,10,23003054,3054,Rosario1,4893.420,244.67
2017,2,23003054,3054,Rosario1,8022.640,401.13
2017,4,23003054,3054,Rosario1,8128.020,406.41
2018,6,23003054,3054,Rosario1,6287.220,314.36
2019,10,23003054,3054,Rosario1,13313.200,665.66
2015,1,23003054,3054,Rosario1,1084.000,54.20
2015,8,23003054,3054,Rosario1,8305.000,415.25
2015,9,23003054,3054,Rosario1,5245.000,262.25
2015,10,23003054,3054,Rosario1,2360.000,118.00
2016,7,23003054,3054,Rosario1,2150.000,107.50
2017,3,23003054,3054,Rosario1,5318.000,265.90
2017,5,23003054,3054,Rosario1,8886.480,444.32
2018,10,23003054,3054,Rosario1,12394.000,619.70
2018,11,23003054,3054,Rosario1,2253.960,112.70
2019,11,23003054,3054,Rosario1,4715.000,235.75
2020,2,23003054,3054,Rosario1,23849.220,1192.47
2020,5,23003054,3054,Rosario1,3564.000,178.20
2016,4,23003054,3054,Rosario1,1789.000,89.45
2016,5,23003054,3054,Rosario1,515.000,25.75
2017,1,23003054,3054,Rosario1,912.000,45.60
2018,4,23003054,3054,Rosario1,10189.000,509.45
2020,4,23003054,3054,Rosario1,13753.000,687.65
2019,12,23003054,3054,Rosario1,11934.000,596.70
2020,6,23003876,3876,Rosario1,4656.880,232.84
2020,6,23003166,3166,Rosario1,6561.900,328.09
2020,6,23003700,3700,Rosario1,3956.760,197.84
2020,6,23003708,3708,Rosario1,1368.400,68.42
2020,6,23003054,3054,Rosario1,990.220,49.51
2020,6,23003504,3504,Rosario1,1145.000,57.25
2020,6,23003810,3810,Rosario1,1583.000,79.15
2020,6,23003119,3119,Rosario1,3818.000,190.90
2020,6,23003537,3537,Rosario1,11934.000,596.70
2020,6,23003346,3346,Rosario1,3573.000,178.65
2020,7,23003708,3708,Rosario1,13385.960,669.30
2020,7,23003166,3166,Rosario1,8362.480,418.12
2020,7,23003810,3810,Rosario1,6803.000,340.15
2020,7,23003412,3412,Rosario1,7840.000,392.00
2020,7,23003700,3700,Rosario1,3462.000,173.10
2020,7,23003054,3054,Rosario1,12256.900,612.84
2020,7,23003504,3504,Rosario1,9258.880,462.95
2020,7,23003876,3876,Rosario1,1070.000,53.50
2020,7,23003603,3603,Rosario1,7379.000,368.95
2020,7,23003537,3537,Rosario1,1122.000,56.10
2020,7,23003346,3346,Rosario1,6836.140,341.81
2020,7,23003119,3119,Rosario1,560.000,28.00
2020,8,23003876,3876,Rosario1,3787.000,189.35
2020,8,23003537,3537,Rosario1,392.000,19.60
2020,8,23003346,3346,Rosario1,182.000,9.10
2020,8,23003504,3504,Rosario1,1455.000,72.75
2020,8,23003810,3810,Rosario1,597.000,29.85
2020,8,23003054,3054,Rosario1,1830.000,91.50
2020,8,23003166,3166,Rosario1,5693.520,284.68
2020,8,23003412,3412,Rosario1,795.740,39.79
2020,9,23003708,3708,Rosario1,35463.280,1773.16
2020,9,23003166,3166,Rosario1,15234.720,761.74
2020,9,23003119,3119,Rosario1,3289.760,164.48
2020,9,23003810,3810,Rosario1,8337.000,416.85
2020,9,23003537,3537,Rosario1,3124.000,156.20
2020,9,23003700,3700,Rosario1,7497.360,374.87
2020,9,23003054,3054,Rosario1,1383.000,69.15
2020,9,23003346,3346,Rosario1,6449.600,322.48
2020,9,23003603,3603,Rosario1,5107.000,255.35
2020,9,23003876,3876,Rosario1,5367.000,268.35
2020,9,23003412,3412,Rosario1,9870.380,493.52
2020,9,23003504,3504,Rosario1,774.000,38.70
2020,10,23003708,3708,Rosario1,3251.000,162.55
2020,10,23003412,3412,Rosario1,5582.120,279.11
2020,10,23003810,3810,Rosario1,2293.000,114.65
2020,10,23003054,3054,Rosario1,3366.540,168.33
2020,10,23003700,3700,Rosario1,2371.000,118.55
2020,10,23003166,3166,Rosario1,1578.000,78.90
2020,10,23003504,3504,Rosario1,405.000,20.25
2020,10,23003119,3119,Rosario1,4385.360,219.27
2020,10,23003876,3876,Rosario1,5578.000,278.90
2020,10,23003346,3346,Rosario1,8223.000,411.15
2020,11,23003412,3412,Rosario1,1879.000,93.95
2020,11,23003603,3603,Rosario1,4391.080,219.56
2020,11,23003166,3166,Rosario1,1637.680,81.88
2020,11,23003876,3876,Rosario1,14328.120,716.40
2020,11,23003810,3810,Rosario1,11149.660,557.48
2020,11,23003537,3537,Rosario1,3669.080,183.45
2020,11,23003700,3700,Rosario1,8037.000,401.85
2020,11,23003119,3119,Rosario1,4012.380,200.62
2020,11,23003346,3346,Rosario1,2671.020,133.55
2020,11,23003054,3054,Rosario1,1059.960,53.00
2020,11,23003708,3708,Rosario1,515.000,25.75
2020,12,23003700,3700,Rosario1,1494.000,74.70
2020,12,23003054,3054,Rosario1,5165.760,258.29
2020,12,23003876,3876,Rosario1,3969.460,198.47
2020,12,23003537,3537,Rosario1,2133.240,106.66
2020,12,23003346,3346,Rosario1,8668.000,433.40
2020,12,23003166,3166,Rosario1,11249.400,562.47
2020,12,23003603,3603,Rosario1,2221.840,111.09
2020,12,23003708,3708,Rosario1,3978.000,198.90
2020,12,23003504,3504,Rosario1,498.000,24.90
2015,12,24003751,3751,Rosario2,13138.200,656.91
2016,1,24003751,3751,Rosario2,15465.800,773.29
2016,11,24003751,3751,Rosario2,8201.240,410.06
2017,3,24003751,3751,Rosario2,18631.200,931.57
2015,1,24003751,3751,Rosario2,8912.000,445.60
2016,10,24003751,3751,Rosario2,2665.000,133.25
2017,9,24003751,3751,Rosario2,15945.900,797.29
2018,3,24003751,3751,Rosario2,1880.640,94.03
2020,5,24003751,3751,Rosario2,27373.380,1368.67
2015,10,24003751,3751,Rosario2,7528.480,376.43
2017,4,24003751,3751,Rosario2,12048.680,602.43
2017,6,24003751,3751,Rosario2,10734.000,536.70
2018,1,24003751,3751,Rosario2,26239.360,1311.97
2019,8,24003751,3751,Rosario2,14660.560,733.03
2020,1,24003751,3751,Rosario2,21163.630,1058.18
2015,2,24003751,3751,Rosario2,11242.000,562.10
2015,7,24003751,3751,Rosario2,11353.420,567.67
2016,4,24003751,3751,Rosario2,14298.940,714.95
2018,6,24003751,3751,Rosario2,258.000,12.90
2018,8,24003751,3751,Rosario2,7035.760,351.79
2019,2,24003751,3751,Rosario2,6233.000,311.65
2018,2,24003751,3751,Rosario2,10234.680,511.73
2015,5,24003751,3751,Rosario2,14809.400,740.47
2015,6,24003751,3751,Rosario2,5885.200,294.26
2016,2,24003751,3751,Rosario2,6578.440,328.92
2016,8,24003751,3751,Rosario2,8827.760,441.39
2017,12,24003751,3751,Rosario2,26620.680,1331.03
2015,3,24003751,3751,Rosario2,6167.960,308.40
2018,5,24003751,3751,Rosario2,13576.560,678.83
2019,3,24003751,3751,Rosario2,5698.720,284.94
2019,10,24003751,3751,Rosario2,12878.000,643.90
2019,12,24003751,3751,Rosario2,15816.760,790.84
2016,7,24003751,3751,Rosario2,29468.280,1473.41
2017,7,24003751,3751,Rosario2,5877.000,293.85
2019,1,24003751,3751,Rosario2,4376.000,218.80
2019,9,24003751,3751,Rosario2,26910.820,1345.54
2015,9,24003751,3751,Rosario2,8619.640,430.98
2018,11,24003751,3751,Rosario2,1260.000,63.00
2015,8,24003751,3751,Rosario2,15941.620,797.08
2016,3,24003751,3751,Rosario2,10397.340,519.86
2016,5,24003751,3751,Rosario2,436.040,21.80
2016,6,24003751,3751,Rosario2,2937.480,146.87
2016,9,24003751,3751,Rosario2,31316.280,1565.81
2017,2,24003751,3751,Rosario2,8950.340,447.52
2017,8,24003751,3751,Rosario2,8696.500,434.83
2018,4,24003751,3751,Rosario2,3194.840,159.74
2018,7,24003751,3751,Rosario2,2475.000,123.75
2018,9,24003751,3751,Rosario2,10767.100,538.36
2019,4,24003751,3751,Rosario2,5763.080,288.15
2019,6,24003751,3751,Rosario2,12389.060,619.45
2019,7,24003751,3751,Rosario2,6391.760,319.59
2019,11,24003751,3751,Rosario2,9120.280,456.01
2020,3,24003751,3751,Rosario2,12648.720,632.44
2020,4,24003751,3751,Rosario2,25092.000,1254.60
2015,4,24003751,3751,Rosario2,3593.480,179.67
2016,12,24003751,3751,Rosario2,2892.360,144.62
2017,5,24003751,3751,Rosario2,5511.540,275.58
2017,1,24003751,3751,Rosario2,3755.000,187.75
2020,2,24003751,3751,Rosario2,1026.000,51.30
2015,11,24003751,3751,Rosario2,5159.000,257.95
2017,10,24003751,3751,Rosario2,12423.000,621.15
2018,12,24003751,3751,Rosario2,222.000,11.10
2019,5,24003751,3751,Rosario2,437.000,21.85
2015,12,24003855,3855,Rosario2,20188.200,1009.41
2016,11,24003855,3855,Rosario2,9981.700,499.09
2020,5,24003855,3855,Rosario2,10303.040,515.15
2016,10,24003855,3855,Rosario2,10915.000,545.75
2017,9,24003855,3855,Rosario2,9095.840,454.79
2015,8,24003855,3855,Rosario2,23958.580,1197.93
2020,1,24003855,3855,Rosario2,17914.470,895.72
2018,1,24003855,3855,Rosario2,16287.000,814.35
2018,2,24003855,3855,Rosario2,13891.680,694.58
2019,2,24003855,3855,Rosario2,17564.000,878.20
2020,3,24003855,3855,Rosario2,25389.660,1269.49
2016,12,24003855,3855,Rosario2,3712.000,185.60
2015,5,24003855,3855,Rosario2,18869.740,943.49
2015,6,24003855,3855,Rosario2,8437.200,421.86
2016,2,24003855,3855,Rosario2,5605.600,280.28
2016,7,24003855,3855,Rosario2,25452.140,1272.60
2016,8,24003855,3855,Rosario2,8540.920,427.05
2017,12,24003855,3855,Rosario2,1281.640,64.08
2019,3,24003855,3855,Rosario2,6414.280,320.72
2015,1,24003855,3855,Rosario2,738.000,36.90
2015,3,24003855,3855,Rosario2,7600.960,380.05
2018,5,24003855,3855,Rosario2,15487.080,774.35
2020,4,24003855,3855,Rosario2,15819.480,790.97
2015,4,24003855,3855,Rosario2,12804.690,640.23
2015,10,24003855,3855,Rosario2,8604.800,430.24
2017,6,24003855,3855,Rosario2,7683.060,384.15
2017,7,24003855,3855,Rosario2,8224.140,411.21
2018,3,24003855,3855,Rosario2,13102.660,655.13
2019,1,24003855,3855,Rosario2,16834.240,841.71
2019,9,24003855,3855,Rosario2,30353.160,1517.65
2015,9,24003855,3855,Rosario2,4618.000,230.90
2017,3,24003855,3855,Rosario2,13770.080,688.50
2018,10,24003855,3855,Rosario2,11289.000,564.45
2020,2,24003855,3855,Rosario2,10423.860,521.19
2015,11,24003855,3855,Rosario2,1265.880,63.29
2016,1,24003855,3855,Rosario2,17683.780,884.19
2016,3,24003855,3855,Rosario2,20835.580,1041.78
2016,4,24003855,3855,Rosario2,7437.920,371.90
2016,6,24003855,3855,Rosario2,12178.780,608.94
2016,9,24003855,3855,Rosario2,35910.840,1795.55
2017,8,24003855,3855,Rosario2,21946.860,1097.34
2017,10,24003855,3855,Rosario2,4083.480,204.17
2019,4,24003855,3855,Rosario2,19919.240,995.96
2019,7,24003855,3855,Rosario2,17022.860,851.15
2019,8,24003855,3855,Rosario2,4173.560,208.68
2019,10,24003855,3855,Rosario2,9483.360,474.17
2015,7,24003855,3855,Rosario2,3840.520,192.02
2016,5,24003855,3855,Rosario2,8997.000,449.85
2018,8,24003855,3855,Rosario2,1392.000,69.60
2018,9,24003855,3855,Rosario2,10060.000,503.00
2018,11,24003855,3855,Rosario2,901.000,45.05
2019,5,24003855,3855,Rosario2,2512.120,125.61
2019,6,24003855,3855,Rosario2,12700.000,635.00
2019,11,24003855,3855,Rosario2,1120.000,56.00
2019,12,24003855,3855,Rosario2,4086.000,204.30
2015,2,24003855,3855,Rosario2,642.000,32.10
2017,2,24003855,3855,Rosario2,8060.000,403.00
2017,4,24003855,3855,Rosario2,4130.000,206.50
2017,5,24003855,3855,Rosario2,912.000,45.60
2018,4,24003855,3855,Rosario2,3662.000,183.10
2018,6,24003855,3855,Rosario2,2706.000,135.30
2018,7,24003855,3855,Rosario2,79.000,3.95
2017,11,24003855,3855,Rosario2,8286.000,414.30
2017,1,24003855,3855,Rosario2,2008.000,100.40
2015,12,24003919,3919,Rosario2,19023.000,951.15
2016,1,24003919,3919,Rosario2,16049.320,802.47
2016,11,24003919,3919,Rosario2,4153.380,207.67
2018,3,24003919,3919,Rosario2,10636.920,531.84
2019,2,24003919,3919,Rosario2,9859.840,492.99
2019,5,24003919,3919,Rosario2,18932.980,946.65
2015,1,24003919,3919,Rosario2,1444.000,72.20
2017,9,24003919,3919,Rosario2,2682.520,134.13
2018,1,24003919,3919,Rosario2,8164.400,408.22
2020,5,24003919,3919,Rosario2,4582.940,229.15
2015,8,24003919,3919,Rosario2,26860.940,1343.05
2017,4,24003919,3919,Rosario2,15415.120,770.76
2017,6,24003919,3919,Rosario2,9612.060,480.60
2020,1,24003919,3919,Rosario2,15809.930,790.49
2020,2,24003919,3919,Rosario2,13758.720,687.94
2015,7,24003919,3919,Rosario2,13033.120,651.65
2018,8,24003919,3919,Rosario2,10450.760,522.54
2019,9,24003919,3919,Rosario2,26536.220,1326.81
2015,2,24003919,3919,Rosario2,2953.000,147.65
2019,11,24003919,3919,Rosario2,7067.080,353.36
2015,6,24003919,3919,Rosario2,5159.180,257.96
2016,2,24003919,3919,Rosario2,12284.820,614.24
2016,8,24003919,3919,Rosario2,18228.600,911.43
2017,12,24003919,3919,Rosario2,4892.640,244.63
2015,3,24003919,3919,Rosario2,1880.640,94.03
2019,3,24003919,3919,Rosario2,6857.960,342.91
2020,4,24003919,3919,Rosario2,9680.220,484.01
2016,3,24003919,3919,Rosario2,10423.080,521.15
2016,7,24003919,3919,Rosario2,34010.920,1700.55
2016,10,24003919,3919,Rosario2,515.000,25.75
2018,2,24003919,3919,Rosario2,6463.000,323.15
2019,1,24003919,3919,Rosario2,9727.880,486.39
2015,5,24003919,3919,Rosario2,13753.560,687.68
2016,12,24003919,3919,Rosario2,3784.180,189.21
2017,7,24003919,3919,Rosario2,6568.760,328.44
2018,10,24003919,3919,Rosario2,12969.000,648.45
2018,11,24003919,3919,Rosario2,1237.000,61.85
2017,3,24003919,3919,Rosario2,9103.080,455.15
2015,4,24003919,3919,Rosario2,2893.460,144.67
2015,11,24003919,3919,Rosario2,18329.160,916.46
2016,4,24003919,3919,Rosario2,22520.920,1126.05
2016,5,24003919,3919,Rosario2,14519.540,725.98
2016,6,24003919,3919,Rosario2,13826.160,691.31
2016,9,24003919,3919,Rosario2,6256.780,312.84
2017,8,24003919,3919,Rosario2,12582.620,629.13
2017,11,24003919,3919,Rosario2,4974.000,248.70
2018,4,24003919,3919,Rosario2,2305.420,115.27
2018,5,24003919,3919,Rosario2,6804.420,340.22
2018,7,24003919,3919,Rosario2,9356.100,467.81
2018,9,24003919,3919,Rosario2,14688.700,734.44
2019,10,24003919,3919,Rosario2,10125.880,506.30
2019,12,24003919,3919,Rosario2,7681.760,384.09
2020,3,24003919,3919,Rosario2,23463.240,1173.16
2015,9,24003919,3919,Rosario2,9706.960,485.35
2015,10,24003919,3919,Rosario2,9633.740,481.69
2019,4,24003919,3919,Rosario2,10047.580,502.38
2019,6,24003919,3919,Rosario2,5891.000,294.55
2019,7,24003919,3919,Rosario2,3811.320,190.57
2019,8,24003919,3919,Rosario2,12869.000,643.45
2017,2,24003919,3919,Rosario2,13437.000,671.85
2017,5,24003919,3919,Rosario2,9975.000,498.75
2017,10,24003919,3919,Rosario2,9794.000,489.70
2018,6,24003919,3919,Rosario2,2564.000,128.20
2018,12,24003919,3919,Rosario2,222.000,11.10
2017,1,24003919,3919,Rosario2,3012.000,150.60
2015,1,24003595,3595,Rosario2,21299.660,1064.98
2015,12,24003595,3595,Rosario2,12829.240,641.46
2016,1,24003595,3595,Rosario2,23713.600,1185.67
2019,5,24003595,3595,Rosario2,4130.400,206.52
2017,9,24003595,3595,Rosario2,5269.520,263.48
2018,3,24003595,3595,Rosario2,1268.960,63.45
2020,5,24003595,3595,Rosario2,34061.460,1703.08
2015,10,24003595,3595,Rosario2,6285.320,314.27
2018,1,24003595,3595,Rosario2,11001.360,550.07
2019,8,24003595,3595,Rosario2,11116.000,555.80
2019,9,24003595,3595,Rosario2,16246.780,812.34
2017,1,24003595,3595,Rosario2,1228.000,61.40
2018,2,24003595,3595,Rosario2,15844.680,792.23
2018,8,24003595,3595,Rosario2,4143.000,207.15
2019,2,24003595,3595,Rosario2,24147.000,1207.35
2020,2,24003595,3595,Rosario2,547.000,27.35
2020,3,24003595,3595,Rosario2,19236.020,961.80
2015,5,24003595,3595,Rosario2,19939.240,996.97
2015,6,24003595,3595,Rosario2,6052.200,302.61
2016,2,24003595,3595,Rosario2,5605.600,280.28
2016,7,24003595,3595,Rosario2,31260.920,1563.04
2016,8,24003595,3595,Rosario2,7816.840,390.84
2020,1,24003595,3595,Rosario2,13293.100,664.66
2019,12,24003595,3595,Rosario2,3832.000,191.60
2015,2,24003595,3595,Rosario2,4370.000,218.50
2017,7,24003595,3595,Rosario2,4813.140,240.66
2018,5,24003595,3595,Rosario2,4851.840,242.59
2015,9,24003595,3595,Rosario2,5731.000,286.55
2015,11,24003595,3595,Rosario2,11504.040,575.21
2016,12,24003595,3595,Rosario2,6460.640,323.03
2018,10,24003595,3595,Rosario2,31239.080,1561.95
2018,11,24003595,3595,Rosario2,1116.000,55.80
2017,12,24003595,3595,Rosario2,11968.360,598.42
2019,3,24003595,3595,Rosario2,2618.720,130.94
2015,3,24003595,3595,Rosario2,2044.620,102.23
2015,7,24003595,3595,Rosario2,4136.280,206.81
2015,8,24003595,3595,Rosario2,11922.440,596.12
2016,4,24003595,3595,Rosario2,6892.920,344.65
2016,5,24003595,3595,Rosario2,6701.000,335.05
2016,6,24003595,3595,Rosario2,9635.160,481.76
2016,9,24003595,3595,Rosario2,11399.920,570.00
2016,11,24003595,3595,Rosario2,5380.580,269.03
2017,3,24003595,3595,Rosario2,7502.400,375.12
2017,8,24003595,3595,Rosario2,7344.000,367.20
2017,10,24003595,3595,Rosario2,8000.480,400.02
2017,11,24003595,3595,Rosario2,4974.000,248.70
2018,9,24003595,3595,Rosario2,7964.360,398.22
2019,1,24003595,3595,Rosario2,5478.640,273.93
2019,7,24003595,3595,Rosario2,12327.360,616.37
2019,10,24003595,3595,Rosario2,10514.180,525.71
2019,11,24003595,3595,Rosario2,2475.000,123.75
2020,4,24003595,3595,Rosario2,6533.000,326.65
2015,4,24003595,3595,Rosario2,4585.000,229.25
2016,3,24003595,3595,Rosario2,1459.260,72.96
2017,2,24003595,3595,Rosario2,13888.520,694.43
2017,4,24003595,3595,Rosario2,12197.760,609.89
2019,6,24003595,3595,Rosario2,10151.000,507.55
2017,5,24003595,3595,Rosario2,6484.000,324.20
2017,6,24003595,3595,Rosario2,7132.000,356.60
2018,4,24003595,3595,Rosario2,2008.000,100.40
2018,6,24003595,3595,Rosario2,2297.000,114.85
2019,4,24003595,3595,Rosario2,7952.000,397.60
2016,10,24003595,3595,Rosario2,8250.000,412.50
2018,7,24003595,3595,Rosario2,9287.000,464.35
2015,1,24003816,3816,Rosario2,13457.360,672.87
2016,11,24003816,3816,Rosario2,13609.940,680.50
2017,3,24003816,3816,Rosario2,10767.920,538.40
2019,5,24003816,3816,Rosario2,2247.460,112.37
2016,10,24003816,3816,Rosario2,4685.000,234.25
2017,9,24003816,3816,Rosario2,1607.520,80.38
2018,3,24003816,3816,Rosario2,1622.280,81.11
2020,5,24003816,3816,Rosario2,13140.040,657.00
2015,10,24003816,3816,Rosario2,993.000,49.65
2016,1,24003816,3816,Rosario2,19154.640,957.73
2017,4,24003816,3816,Rosario2,10158.500,507.93
2017,6,24003816,3816,Rosario2,11181.000,559.05
2019,8,24003816,3816,Rosario2,2580.000,129.00
2019,9,24003816,3816,Rosario2,16705.720,835.29
2020,1,24003816,3816,Rosario2,28805.280,1440.27
2016,4,24003816,3816,Rosario2,13699.680,684.98
2016,9,24003816,3816,Rosario2,35908.160,1795.40
2017,1,24003816,3816,Rosario2,6175.000,308.75
2018,6,24003816,3816,Rosario2,2017.000,100.85
2019,2,24003816,3816,Rosario2,13046.000,652.30
2020,2,24003816,3816,Rosario2,2991.860,149.59
2020,3,24003816,3816,Rosario2,22475.620,1123.78
2015,2,24003816,3816,Rosario2,6478.000,323.90
2016,12,24003816,3816,Rosario2,6889.540,344.48
2018,2,24003816,3816,Rosario2,7425.000,371.25
2017,12,24003816,3816,Rosario2,15061.640,753.08
2019,3,24003816,3816,Rosario2,9451.180,472.57
2015,3,24003816,3816,Rosario2,8132.640,406.63
2015,8,24003816,3816,Rosario2,16835.760,841.79
2016,2,24003816,3816,Rosario2,2746.420,137.32
2020,4,24003816,3816,Rosario2,14646.840,732.34
2016,3,24003816,3816,Rosario2,17569.980,878.50
2018,5,24003816,3816,Rosario2,1721.000,86.05
2018,12,24003816,3816,Rosario2,2712.000,135.60
2019,1,24003816,3816,Rosario2,8302.000,415.10
2015,5,24003816,3816,Rosario2,3687.500,184.38
2015,9,24003816,3816,Rosario2,8383.000,419.15
2015,11,24003816,3816,Rosario2,21710.180,1085.51
2017,7,24003816,3816,Rosario2,10592.140,529.61
2018,10,24003816,3816,Rosario2,21394.080,1069.70
2018,11,24003816,3816,Rosario2,2941.000,147.05
2016,7,24003816,3816,Rosario2,2328.000,116.40
2015,6,24003816,3816,Rosario2,7804.260,390.21
2015,7,24003816,3816,Rosario2,2364.640,118.23
2016,5,24003816,3816,Rosario2,23650.040,1182.51
2016,6,24003816,3816,Rosario2,4548.360,227.42
2017,10,24003816,3816,Rosario2,2347.480,117.37
2017,11,24003816,3816,Rosario2,3316.000,165.80
2018,4,24003816,3816,Rosario2,7210.840,360.54
2018,7,24003816,3816,Rosario2,11238.500,561.93
2019,10,24003816,3816,Rosario2,9768.720,488.43
2019,11,24003816,3816,Rosario2,6690.280,334.51
2015,4,24003816,3816,Rosario2,13038.000,651.90
2017,2,24003816,3816,Rosario2,12416.680,620.83
2017,5,24003816,3816,Rosario2,4115.540,205.78
2018,8,24003816,3816,Rosario2,4088.760,204.44
2018,9,24003816,3816,Rosario2,7609.000,380.45
2019,4,24003816,3816,Rosario2,11793.420,589.67
2019,6,24003816,3816,Rosario2,13980.000,699.00
2019,7,24003816,3816,Rosario2,20071.700,1003.59
2019,12,24003816,3816,Rosario2,4889.000,244.45
2017,8,24003816,3816,Rosario2,79.000,3.95
2018,1,24003816,3816,Rosario2,18344.000,917.20
2015,12,24003816,3816,Rosario2,3775.000,188.75
2016,8,24003816,3816,Rosario2,2060.000,103.00
2015,1,24003433,3433,Rosario2,22056.700,1102.84
2016,1,24003433,3433,Rosario2,11688.160,584.41
2016,11,24003433,3433,Rosario2,11094.720,554.74
2016,10,24003433,3433,Rosario2,5715.000,285.75
2020,5,24003433,3433,Rosario2,14083.920,704.19
2015,8,24003433,3433,Rosario2,29508.580,1475.43
2015,10,24003433,3433,Rosario2,4794.000,239.70
2017,6,24003433,3433,Rosario2,9086.000,454.30
2018,1,24003433,3433,Rosario2,29254.000,1462.70
2019,9,24003433,3433,Rosario2,37496.420,1874.83
2020,1,24003433,3433,Rosario2,8684.700,434.24
2020,2,24003433,3433,Rosario2,13109.000,655.45
2015,2,24003433,3433,Rosario2,10425.480,521.27
2016,4,24003433,3433,Rosario2,10570.000,528.50
2018,2,24003433,3433,Rosario2,12725.000,636.25
2019,2,24003433,3433,Rosario2,13859.740,692.99
2020,3,24003433,3433,Rosario2,19728.460,986.43
2019,11,24003433,3433,Rosario2,2253.500,112.68
2015,6,24003433,3433,Rosario2,3615.540,180.78
2015,12,24003433,3433,Rosario2,6760.280,338.02
2016,2,24003433,3433,Rosario2,10668.400,533.42
2016,8,24003433,3433,Rosario2,14327.260,716.36
2017,9,24003433,3433,Rosario2,14023.240,701.16
2017,12,24003433,3433,Rosario2,16482.820,824.14
2015,3,24003433,3433,Rosario2,706.640,35.33
2019,10,24003433,3433,Rosario2,25146.360,1257.32
2019,12,24003433,3433,Rosario2,6363.760,318.19
2015,4,24003433,3433,Rosario2,15834.940,791.75
2016,7,24003433,3433,Rosario2,26785.120,1339.25
2016,12,24003433,3433,Rosario2,9492.460,474.62
2017,7,24003433,3433,Rosario2,4865.000,243.25
2018,3,24003433,3433,Rosario2,4673.200,233.66
2019,1,24003433,3433,Rosario2,8179.000,408.95
2015,5,24003433,3433,Rosario2,6582.900,329.15
2018,9,24003433,3433,Rosario2,7052.000,352.60
2018,10,24003433,3433,Rosario2,27712.080,1385.60
2019,3,24003433,3433,Rosario2,10724.920,536.25
2015,7,24003433,3433,Rosario2,11576.240,578.81
2015,11,24003433,3433,Rosario2,21275.200,1063.76
2016,5,24003433,3433,Rosario2,18496.060,924.80
2016,6,24003433,3433,Rosario2,5532.360,276.62
2016,9,24003433,3433,Rosario2,30080.840,1504.04
2017,2,24003433,3433,Rosario2,12280.300,614.01
2017,3,24003433,3433,Rosario2,8004.000,400.20
2017,8,24003433,3433,Rosario2,14023.240,701.16
2018,7,24003433,3433,Rosario2,11057.560,552.88
2019,4,24003433,3433,Rosario2,9495.120,474.75
2019,7,24003433,3433,Rosario2,2427.400,121.37
2019,8,24003433,3433,Rosario2,10982.780,549.14
2020,4,24003433,3433,Rosario2,21742.680,1087.13
2015,9,24003433,3433,Rosario2,8100.640,405.03
2016,3,24003433,3433,Rosario2,3736.320,186.81
2017,5,24003433,3433,Rosario2,5274.360,263.72
2018,5,24003433,3433,Rosario2,6639.500,331.97
2018,11,24003433,3433,Rosario2,456.000,22.80
2019,6,24003433,3433,Rosario2,9350.000,467.50
2017,1,24003433,3433,Rosario2,6175.000,308.75
2017,4,24003433,3433,Rosario2,8072.000,403.60
2017,10,24003433,3433,Rosario2,10662.000,533.10
2018,6,24003433,3433,Rosario2,1113.000,55.65
2018,8,24003433,3433,Rosario2,468.000,23.40
2018,4,24003433,3433,Rosario2,1062.000,53.10
2015,1,24003603,3603,Rosario2,24462.660,1223.13
2015,12,24003603,3603,Rosario2,16382.620,819.13
2016,1,24003603,3603,Rosario2,15126.500,756.33
2016,11,24003603,3603,Rosario2,6112.780,305.65
2017,3,24003603,3603,Rosario2,9892.360,494.61
2018,3,24003603,3603,Rosario2,11329.880,566.49
2019,2,24003603,3603,Rosario2,6849.180,342.46
2019,10,24003603,3603,Rosario2,11569.900,578.50
2020,5,24003603,3603,Rosario2,20829.080,1041.45
2016,10,24003603,3603,Rosario2,10915.000,545.75
2018,1,24003603,3603,Rosario2,13519.400,675.97
2015,8,24003603,3603,Rosario2,15437.600,771.88
2020,1,24003603,3603,Rosario2,12885.370,644.27
2020,2,24003603,3603,Rosario2,7554.000,377.70
2015,2,24003603,3603,Rosario2,13818.000,690.90
2016,4,24003603,3603,Rosario2,7919.920,396.00
2016,9,24003603,3603,Rosario2,37610.860,1880.55
2017,1,24003603,3603,Rosario2,5170.000,258.50
2018,2,24003603,3603,Rosario2,11682.000,584.10
2019,9,24003603,3603,Rosario2,43706.640,2185.34
2020,3,24003603,3603,Rosario2,14108.960,705.45
2016,12,24003603,3603,Rosario2,7980.000,399.00
2019,11,24003603,3603,Rosario2,8351.640,417.58
2015,6,24003603,3603,Rosario2,5159.180,257.96
2016,7,24003603,3603,Rosario2,28121.900,1406.09
2016,8,24003603,3603,Rosario2,7682.980,384.15
2017,9,24003603,3603,Rosario2,19604.080,980.20
2017,12,24003603,3603,Rosario2,12755.640,637.78
2015,3,24003603,3603,Rosario2,3039.640,151.98
2019,12,24003603,3603,Rosario2,11817.000,590.85
2020,4,24003603,3603,Rosario2,6844.840,342.24
2015,10,24003603,3603,Rosario2,3069.640,153.48
2017,6,24003603,3603,Rosario2,8575.000,428.75
2017,7,24003603,3603,Rosario2,1920.000,96.00
2018,5,24003603,3603,Rosario2,6557.540,327.88
2018,12,24003603,3603,Rosario2,4290.000,214.50
2018,9,24003603,3603,Rosario2,14371.100,718.56
2018,10,24003603,3603,Rosario2,8344.000,417.20
2018,11,24003603,3603,Rosario2,1174.000,58.70
2015,11,24003603,3603,Rosario2,23035.200,1151.76
2016,3,24003603,3603,Rosario2,12613.100,630.65
2016,5,24003603,3603,Rosario2,1599.040,79.95
2017,2,24003603,3603,Rosario2,18651.460,932.57
2017,8,24003603,3603,Rosario2,6483.000,324.15
2017,10,24003603,3603,Rosario2,2571.480,128.57
2018,4,24003603,3603,Rosario2,9754.260,487.71
2018,7,24003603,3603,Rosario2,2475.000,123.75
2019,3,24003603,3603,Rosario2,1653.300,82.67
2019,4,24003603,3603,Rosario2,12795.980,639.80
2019,6,24003603,3603,Rosario2,20263.120,1013.16
2019,7,24003603,3603,Rosario2,7635.800,381.79
2015,4,24003603,3603,Rosario2,14887.720,744.39
2015,5,24003603,3603,Rosario2,3074.580,153.73
2015,7,24003603,3603,Rosario2,3552.880,177.64
2015,9,24003603,3603,Rosario2,4232.640,211.63
2019,1,24003603,3603,Rosario2,5899.740,294.99
2019,5,24003603,3603,Rosario2,2075.120,103.76
2019,8,24003603,3603,Rosario2,1365.000,68.25
2016,6,24003603,3603,Rosario2,321.000,16.05
2017,4,24003603,3603,Rosario2,8519.000,425.95
2017,5,24003603,3603,Rosario2,9997.000,499.85
2018,6,24003603,3603,Rosario2,1245.000,62.25
2018,8,24003603,3603,Rosario2,1040.000,52.00
2017,11,24003603,3603,Rosario2,8286.000,414.30
2015,1,24003047,3047,Rosario2,18543.800,927.19
2018,3,24003047,3047,Rosario2,12234.520,611.73
2019,2,24003047,3047,Rosario2,12520.280,626.02
2020,5,24003047,3047,Rosario2,40736.160,2036.80
2016,10,24003047,3047,Rosario2,1120.000,56.00
2015,10,24003047,3047,Rosario2,9363.800,468.19
2017,4,24003047,3047,Rosario2,6098.760,304.94
2017,9,24003047,3047,Rosario2,24762.520,1238.12
2019,9,24003047,3047,Rosario2,23166.280,1158.31
2020,2,24003047,3047,Rosario2,19899.580,994.98
2015,2,24003047,3047,Rosario2,17350.480,867.52
2015,7,24003047,3047,Rosario2,7384.000,369.20
2016,4,24003047,3047,Rosario2,12101.300,605.07
2016,9,24003047,3047,Rosario2,25476.780,1273.84
2018,2,24003047,3047,Rosario2,15019.000,750.95
2016,12,24003047,3047,Rosario2,11656.000,582.80
2019,11,24003047,3047,Rosario2,12721.300,636.07
2015,6,24003047,3047,Rosario2,9482.020,474.10
2016,2,24003047,3047,Rosario2,3289.220,164.46
2016,7,24003047,3047,Rosario2,49678.980,2483.94
2016,8,24003047,3047,Rosario2,8540.260,427.01
2017,12,24003047,3047,Rosario2,14913.500,745.67
2020,1,24003047,3047,Rosario2,13987.420,699.37
2015,3,24003047,3047,Rosario2,14091.500,704.57
2015,8,24003047,3047,Rosario2,10992.160,549.61
2019,10,24003047,3047,Rosario2,5927.280,296.36
2015,4,24003047,3047,Rosario2,18710.470,935.52
2016,3,24003047,3047,Rosario2,4660.000,233.00
2017,6,24003047,3047,Rosario2,8114.000,405.70
2017,7,24003047,3047,Rosario2,4655.000,232.75
2018,12,24003047,3047,Rosario2,2712.000,135.60
2019,1,24003047,3047,Rosario2,11385.120,569.25
2015,9,24003047,3047,Rosario2,13507.640,675.38
2017,3,24003047,3047,Rosario2,16541.400,827.07
2018,10,24003047,3047,Rosario2,2778.000,138.90
2018,11,24003047,3047,Rosario2,1626.000,81.30
2015,12,24003047,3047,Rosario2,10178.640,508.93
2015,5,24003047,3047,Rosario2,6988.000,349.40
2015,11,24003047,3047,Rosario2,11840.100,592.01
2016,1,24003047,3047,Rosario2,10409.740,520.49
2016,5,24003047,3047,Rosario2,3223.040,161.15
2016,6,24003047,3047,Rosario2,13023.720,651.19
2016,11,24003047,3047,Rosario2,8240.180,412.01
2017,2,24003047,3047,Rosario2,9922.820,496.14
2017,8,24003047,3047,Rosario2,23789.740,1189.49
2018,7,24003047,3047,Rosario2,11762.340,588.12
2018,9,24003047,3047,Rosario2,5890.560,294.53
2019,3,24003047,3047,Rosario2,2628.100,131.41
2019,4,24003047,3047,Rosario2,8262.640,413.13
2019,6,24003047,3047,Rosario2,11963.060,598.15
2019,7,24003047,3047,Rosario2,16611.960,830.60
2019,12,24003047,3047,Rosario2,11209.380,560.47
2017,5,24003047,3047,Rosario2,2060.180,103.01
2018,5,24003047,3047,Rosario2,4059.640,202.98
2018,8,24003047,3047,Rosario2,1796.000,89.80
2019,5,24003047,3047,Rosario2,8539.740,426.99
2020,3,24003047,3047,Rosario2,16148.080,807.41
2017,1,24003047,3047,Rosario2,7833.000,391.65
2018,1,24003047,3047,Rosario2,12030.000,601.50
2018,6,24003047,3047,Rosario2,2779.000,138.95
2017,10,24003047,3047,Rosario2,12759.000,637.95
2018,4,24003047,3047,Rosario2,708.000,35.40
2019,8,24003047,3047,Rosario2,11289.000,564.45
2020,4,24003047,3047,Rosario2,1680.000,84.00
2020,6,24003816,3816,Rosario2,1697.920,84.90
2020,6,24003595,3595,Rosario2,498.000,24.90
2020,6,24003603,3603,Rosario2,922.000,46.10
2020,6,24003047,3047,Rosario2,1637.240,81.86
2020,6,24003144,3144,Rosario2,4433.000,221.65
2020,6,24003743,3743,Rosario2,746.000,37.30
2020,6,24003919,3919,Rosario2,199.000,9.95
2020,6,24003433,3433,Rosario2,4240.560,212.03
2020,6,24003751,3751,Rosario2,2826.000,141.30
2020,7,24003595,3595,Rosario2,4550.620,227.53
2020,7,24003144,3144,Rosario2,28826.120,1441.30
2020,7,24003047,3047,Rosario2,17501.240,875.06
2020,7,24003751,3751,Rosario2,6519.160,325.96
2020,7,24003743,3743,Rosario2,7527.000,376.35
2020,7,24003855,3855,Rosario2,963.000,48.15
2020,7,24003919,3919,Rosario2,16482.720,824.14
2020,7,24003816,3816,Rosario2,4740.780,237.04
2020,7,24003603,3603,Rosario2,1500.000,75.00
2020,7,24003433,3433,Rosario2,1084.000,54.20
2020,8,24003047,3047,Rosario2,2925.180,146.26
2020,8,24003743,3743,Rosario2,8215.960,410.80
2020,8,24003751,3751,Rosario2,912.000,45.60
2020,8,24003144,3144,Rosario2,6519.000,325.95
2020,8,24003433,3433,Rosario2,2657.000,132.85
2020,8,24003919,3919,Rosario2,1356.000,67.80
2020,9,24003816,3816,Rosario2,13651.680,682.58
2020,9,24003433,3433,Rosario2,8340.360,417.02
2020,9,24003751,3751,Rosario2,12376.500,618.83
2020,9,24003047,3047,Rosario2,3637.720,181.89
2020,9,24003919,3919,Rosario2,23617.260,1180.86
2020,9,24003144,3144,Rosario2,9041.260,452.06
2020,9,24003743,3743,Rosario2,15221.060,761.05
2020,9,24003603,3603,Rosario2,11226.400,561.32
2020,9,24003855,3855,Rosario2,21521.280,1076.06
2020,9,24003595,3595,Rosario2,534.000,26.70
2020,10,24003743,3743,Rosario2,11505.000,575.25
2020,10,24003047,3047,Rosario2,6895.440,344.77
2020,10,24003816,3816,Rosario2,15937.220,796.86
2020,10,24003919,3919,Rosario2,8540.550,427.03
2020,10,24003855,3855,Rosario2,2331.960,116.60
2020,10,24003603,3603,Rosario2,929.600,46.48
2020,10,24003751,3751,Rosario2,4369.000,218.45
2020,10,24003433,3433,Rosario2,1084.000,54.20
2020,10,24003595,3595,Rosario2,796.000,39.80
2020,11,24003603,3603,Rosario2,4504.840,225.24
2020,11,24003433,3433,Rosario2,5781.840,289.09
2020,11,24003144,3144,Rosario2,2846.800,142.34
2020,11,24003743,3743,Rosario2,9144.460,457.22
2020,11,24003855,3855,Rosario2,3256.000,162.80
2020,11,24003816,3816,Rosario2,2544.000,127.20
2020,11,24003595,3595,Rosario2,3756.540,187.83
2020,11,24003751,3751,Rosario2,104.000,5.20
2020,11,24003919,3919,Rosario2,398.000,19.90
2020,12,24003047,3047,Rosario2,3303.300,165.16
2020,12,24003595,3595,Rosario2,1255.960,62.80
2020,12,24003751,3751,Rosario2,9621.000,481.05
2020,12,24003816,3816,Rosario2,884.000,44.20
2020,12,24003433,3433,Rosario2,6007.920,300.40
2020,12,24003603,3603,Rosario2,8913.000,445.65
